time(us),Degree pr Sec
521491,-0.105810
541919,8.201075
562133,10.529208
582306,13.386345
602483,14.814925
622658,15.396905
642838,15.396929
663000,15.767288
683194,16.031837
